Date,Platform,Post Type,Post Content,Hashtags,Likes,Comments,Shares,Follows,Reach
2024-08-01,Facebook,Video,Tutorial,#launch,68,186,22,1,3398
2024-08-02,Instagram,Text,Industry News,#event,987,66,49,17,8992
2024-08-03,Instagram,Text,Product Launch,#launch,638,105,45,48,9216
2024-08-04,Instagram,Text,Product Launch,#testimonial,154,65,12,1,6606
2024-08-05,LinkedIn,Image,Product Launch,#event,526,187,49,18,2895
2024-08-06,Instagram,Video,Behind the Scenes,#news,844,29,43,6,7188
2024-08-07,Twitter,Text,Event Promo,#news,240,60,73,44,5605
2024-08-08,Facebook,Video,Product Launch,#launch,194,124,57,31,7591
2024-08-09,Twitter,Image,Event Promo,#news,426,140,63,43,1319
2024-08-10,Facebook,Video,Product Update,#update,760,87,93,39,3122
2024-08-11,Twitter,Story,Behind the Scenes,#launch,199,127,42,1,3767
2024-08-12,YouTube,Text,Product Launch,#behindthescenes,290,199,70,8,6696
2024-08-13,YouTube,Video,Customer Testimonial,#event,350,195,99,16,3488
2024-08-14,YouTube,Image,Product Launch,#behindthescenes,708,42,28,28,2771
2024-08-15,YouTube,Image,Event Promo,#update,683,15,81,48,1330
2024-08-16,Facebook,Story,Product Update,#news,396,134,85,36,5867
2024-08-17,Instagram,Link,Event Promo,#behindthescenes,531,74,66,38,4130
2024-08-18,Facebook,Link,Product Update,#news,599,171,9,28,3483
2024-08-19,YouTube,Story,Product Update,#event,449,191,52,8,6253
2024-08-20,Facebook,Link,Behind the Scenes,#testimonial,721,142,99,48,3067
2024-08-21,Twitter,Image,Tutorial,#launch,366,112,81,26,5860
2024-08-22,LinkedIn,Image,Tutorial,#behindthescenes,858,78,51,27,5413
2024-08-23,Facebook,Image,Product Update,#tutorial,410,159,99,48,9723
2024-08-24,Twitter,Story,Behind the Scenes,#launch,135,106,67,49,3659
2024-08-25,YouTube,Text,Event Promo,#news,819,8,67,40,5012
2024-08-26,Facebook,Text,Event Promo,#event,868,116,41,46,7204
2024-08-27,LinkedIn,Video,Customer Testimonial,#launch,264,182,12,33,4701
2024-08-28,YouTube,Story,Event Promo,#testimonial,761,53,1,16,6326
2024-08-29,Twitter,Story,Customer Testimonial,#testimonial,558,79,80,25,9773
2024-08-30,Instagram,Image,Tutorial,#event,220,107,47,33,3271
2024-08-31,YouTube,Link,Tutorial,#tutorial,233,145,24,3,8413
2024-09-01,Twitter,Story,Industry News,#launch,72,133,37,29,9681
2024-09-02,Instagram,Link,Behind the Scenes,#testimonial,185,105,43,17,8140
2024-09-03,Facebook,Video,Product Update,#testimonial,389,195,92,32,6409
2024-09-04,Facebook,Story,Industry News,#news,725,126,70,32,2162
2024-09-05,LinkedIn,Video,Product Update,#testimonial,731,49,92,45,5001
2024-09-06,YouTube,Video,Behind the Scenes,#tutorial,883,10,27,19,7162
2024-09-07,YouTube,Text,Product Update,#tutorial,332,111,50,14,6074
2024-09-08,Facebook,Image,Event Promo,#update,50,11,87,3,9054
2024-09-09,YouTube,Image,Tutorial,#tutorial,319,110,2,36,2259
2024-09-10,Twitter,Text,Event Promo,#launch,954,121,88,2,7461
2024-09-11,LinkedIn,Image,Product Update,#launch,106,170,40,27,2315
2024-09-12,Instagram,Link,Customer Testimonial,#testimonial,228,32,92,2,5066
2024-09-13,Instagram,Video,Industry News,#launch,822,140,46,9,6319
2024-09-14,Instagram,Image,Behind the Scenes,#behindthescenes,545,137,33,7,4631
2024-09-15,YouTube,Text,Behind the Scenes,#update,936,50,3,23,2154
2024-09-16,YouTube,Video,Tutorial,#event,409,115,83,42,7043
2024-09-17,Facebook,Image,Behind the Scenes,#launch,551,59,25,42,2440
2024-09-18,Twitter,Video,Product Launch,#testimonial,903,46,65,33,1233
2024-09-19,Instagram,Link,Product Update,#testimonial,960,182,66,47,5417
2024-09-20,YouTube,Link,Tutorial,#update,915,48,29,41,9131
2024-09-21,YouTube,Image,Product Launch,#behindthescenes,449,193,26,21,9589
2024-09-22,YouTube,Image,Behind the Scenes,#launch,664,46,92,39,4163
2024-09-23,YouTube,Text,Industry News,#update,495,5,6,3,2519
2024-09-24,Facebook,Text,Industry News,#launch,387,103,13,21,7313
2024-09-25,Twitter,Text,Behind the Scenes,#tutorial,484,75,14,35,2504
2024-09-26,YouTube,Video,Product Update,#news,979,199,18,42,2082
2024-09-27,Twitter,Text,Product Launch,#launch,768,169,21,26,8845
2024-09-28,Facebook,Link,Industry News,#event,854,99,74,13,6086
2024-09-29,Facebook,Text,Product Launch,#tutorial,404,41,21,44,7993
2024-09-30,Facebook,Image,Product Update,#testimonial,391,59,83,0,4512
2024-10-01,LinkedIn,Image,Product Launch,#update,89,190,89,42,9684
2024-10-02,Facebook,Story,Product Launch,#testimonial,62,71,51,13,5900
2024-10-03,Twitter,Story,Tutorial,#behindthescenes,823,145,49,36,4438
2024-10-04,YouTube,Video,Industry News,#tutorial,725,111,74,42,3836
2024-10-05,Facebook,Story,Customer Testimonial,#testimonial,502,16,25,17,3963
2024-10-06,LinkedIn,Text,Tutorial,#tutorial,180,72,13,32,2516
2024-10-07,Instagram,Story,Event Promo,#update,857,130,84,1,7337
2024-10-08,YouTube,Video,Event Promo,#news,402,112,95,15,5106
2024-10-09,LinkedIn,Link,Tutorial,#tutorial,385,135,54,22,8380
2024-10-10,LinkedIn,Text,Product Update,#testimonial,501,145,84,19,2445
2024-10-11,Twitter,Story,Tutorial,#tutorial,279,172,2,24,1064
2024-10-12,Facebook,Link,Customer Testimonial,#behindthescenes,238,89,15,20,1444
2024-10-13,Instagram,Link,Behind the Scenes,#launch,84,77,70,20,4857
2024-10-14,Instagram,Link,Product Launch,#update,371,14,18,29,9769
2024-10-15,Twitter,Image,Tutorial,#tutorial,493,105,96,29,1682
2024-10-16,Twitter,Video,Behind the Scenes,#behindthescenes,891,5,53,10,1337
2024-10-17,Twitter,Video,Behind the Scenes,#news,60,116,46,6,2082
2024-10-18,LinkedIn,Video,Tutorial,#news,628,30,71,36,8430
2024-10-19,Twitter,Story,Customer Testimonial,#tutorial,363,160,14,27,3997
2024-10-20,Facebook,Video,Behind the Scenes,#launch,416,9,60,23,6704
2024-10-21,YouTube,Video,Industry News,#testimonial,886,67,50,33,7842
2024-10-22,LinkedIn,Story,Industry News,#news,278,88,94,49,5409
2024-10-23,Instagram,Story,Behind the Scenes,#update,709,46,58,13,6384
2024-10-24,YouTube,Video,Behind the Scenes,#news,213,151,60,10,9936
2024-10-25,YouTube,Link,Event Promo,#update,434,52,60,18,1619
2024-10-26,LinkedIn,Text,Tutorial,#testimonial,100,176,17,14,3540
2024-10-27,LinkedIn,Image,Product Update,#tutorial,416,163,90,27,2117
2024-10-28,LinkedIn,Link,Product Update,#event,322,123,10,29,8365
2024-10-29,Twitter,Story,Customer Testimonial,#event,180,29,22,32,4836
2024-10-30,Facebook,Image,Customer Testimonial,#tutorial,565,182,99,2,5489
2024-10-31,Facebook,Link,Product Launch,#testimonial,981,120,25,37,5676
2024-11-01,Facebook,Text,Event Promo,#launch,284,170,18,47,4390
2024-11-02,Twitter,Video,Product Launch,#event,150,150,24,47,7607
2024-11-03,Facebook,Video,Tutorial,#behindthescenes,632,122,13,2,6542
2024-11-04,Instagram,Image,Product Launch,#tutorial,505,157,60,0,2619
2024-11-05,Twitter,Text,Customer Testimonial,#tutorial,647,58,16,34,2599
2024-11-06,LinkedIn,Image,Event Promo,#behindthescenes,59,63,50,31,5044
2024-11-07,LinkedIn,Image,Product Update,#update,982,10,92,3,8944
2024-11-08,YouTube,Text,Customer Testimonial,#event,55,50,17,13,8386
2024-11-09,Twitter,Text,Product Update,#behindthescenes,186,39,80,41,5973
2024-11-10,Instagram,Link,Customer Testimonial,#update,260,62,17,11,6964
2024-11-11,Instagram,Story,Event Promo,#event,600,187,99,34,7270
2024-11-12,Twitter,Link,Tutorial,#update,985,67,26,42,8067
2024-11-13,Twitter,Link,Event Promo,#update,736,93,96,39,4309
2024-11-14,Instagram,Story,Industry News,#event,362,182,21,16,4525
2024-11-15,Instagram,Story,Industry News,#news,908,173,21,2,5296
2024-11-16,Twitter,Image,Event Promo,#launch,254,21,17,48,5321
2024-11-17,Facebook,Text,Tutorial,#event,306,61,69,43,3831
2024-11-18,Twitter,Link,Customer Testimonial,#update,892,101,26,43,2363
2024-11-19,Facebook,Video,Behind the Scenes,#tutorial,53,29,97,45,1803
2024-11-20,Instagram,Video,Product Update,#behindthescenes,503,80,66,26,3404
2024-11-21,YouTube,Text,Product Update,#tutorial,504,55,5,14,6423
2024-11-22,LinkedIn,Story,Behind the Scenes,#update,934,93,19,15,2291
2024-11-23,Instagram,Image,Product Launch,#news,704,192,88,11,4676
2024-11-24,Twitter,Text,Behind the Scenes,#behindthescenes,995,79,56,2,4018
2024-11-25,Facebook,Story,Product Update,#behindthescenes,301,195,50,26,6898
2024-11-26,Instagram,Image,Industry News,#launch,984,71,12,43,4350
2024-11-27,YouTube,Link,Tutorial,#launch,646,85,30,40,6219
2024-11-28,Facebook,Text,Event Promo,#update,549,29,93,10,3213
2024-11-29,Twitter,Story,Product Update,#event,483,159,77,17,3019
2024-11-30,Facebook,Image,Behind the Scenes,#behindthescenes,752,188,11,41,8622
2024-12-01,Facebook,Story,Behind the Scenes,#news,643,13,70,33,3684
2024-12-02,YouTube,Text,Product Update,#launch,191,113,77,47,6504
2024-12-03,Instagram,Image,Tutorial,#launch,673,40,34,15,2319
2024-12-04,Instagram,Story,Customer Testimonial,#tutorial,64,53,67,42,4762
2024-12-05,Instagram,Image,Customer Testimonial,#event,926,95,86,6,8888
2024-12-06,Instagram,Video,Product Update,#behindthescenes,138,109,17,2,2718
2024-12-07,LinkedIn,Image,Product Launch,#behindthescenes,106,87,76,49,6905
2024-12-08,Facebook,Image,Tutorial,#testimonial,467,121,74,4,3569
2024-12-09,Twitter,Video,Tutorial,#launch,92,166,16,1,5812
2024-12-10,LinkedIn,Image,Industry News,#news,326,157,20,34,3598
2024-12-11,Facebook,Text,Behind the Scenes,#event,116,61,9,40,3406
2024-12-12,Instagram,Link,Behind the Scenes,#event,221,186,1,3,1535
2024-12-13,Instagram,Story,Tutorial,#event,881,86,60,9,4006
2024-12-14,Instagram,Story,Behind the Scenes,#tutorial,576,13,32,20,4848
2024-12-15,Instagram,Link,Product Update,#testimonial,155,194,63,31,2166
2024-12-16,Instagram,Story,Product Launch,#behindthescenes,81,61,34,39,1594
2024-12-17,Twitter,Text,Tutorial,#behindthescenes,195,138,59,14,3743
2024-12-18,Facebook,Image,Event Promo,#behindthescenes,491,164,15,36,6396
2024-12-19,YouTube,Text,Product Update,#testimonial,430,132,23,38,8557
2024-12-20,Twitter,Text,Industry News,#update,953,20,20,14,3375
2024-12-21,LinkedIn,Video,Product Update,#launch,356,124,6,11,7987
2024-12-22,Twitter,Image,Event Promo,#update,957,167,82,0,1326
2024-12-23,Facebook,Story,Behind the Scenes,#launch,507,198,92,44,9171
2024-12-24,Twitter,Video,Behind the Scenes,#launch,72,52,8,40,5410
2024-12-25,LinkedIn,Text,Product Launch,#event,994,155,17,0,7816
2024-12-26,Twitter,Story,Industry News,#launch,764,144,12,34,4005
2024-12-27,YouTube,Story,Product Update,#event,436,148,26,29,1252
2024-12-28,Instagram,Text,Product Launch,#tutorial,122,172,54,32,7114
2024-12-29,Facebook,Text,Tutorial,#news,953,64,72,1,6024
2024-12-30,Twitter,Text,Customer Testimonial,#update,321,84,80,5,2007
2024-12-31,LinkedIn,Video,Behind the Scenes,#update,433,33,17,5,8279
2025-01-01,YouTube,Link,Tutorial,#launch,776,122,39,21,9020
2025-01-02,YouTube,Text,Event Promo,#update,328,197,68,28,5403
2025-01-03,Facebook,Link,Product Launch,#testimonial,777,47,96,15,2449
2025-01-04,YouTube,Link,Event Promo,#launch,653,184,75,29,4245
2025-01-05,Instagram,Image,Tutorial,#launch,363,32,62,36,8539
2025-01-06,YouTube,Image,Behind the Scenes,#update,481,12,43,21,3144
2025-01-07,Instagram,Image,Product Update,#testimonial,241,83,3,31,5166
2025-01-08,Twitter,Video,Customer Testimonial,#event,537,107,43,46,8552
2025-01-09,Facebook,Link,Event Promo,#news,467,106,94,6,1519
2025-01-10,Twitter,Text,Product Launch,#event,243,180,84,16,7593
2025-01-11,Twitter,Text,Customer Testimonial,#news,260,22,17,25,1688
2025-01-12,LinkedIn,Story,Event Promo,#event,474,5,86,17,5859
2025-01-13,Twitter,Video,Product Launch,#behindthescenes,699,183,41,37,1176
2025-01-14,LinkedIn,Story,Product Update,#tutorial,955,150,26,20,2502
2025-01-15,Instagram,Story,Customer Testimonial,#event,793,64,50,12,9251
2025-01-16,Twitter,Video,Tutorial,#news,640,90,85,30,9793
2025-01-17,Twitter,Text,Behind the Scenes,#launch,770,156,49,7,7975
2025-01-18,Instagram,Story,Tutorial,#update,251,115,71,5,6417
2025-01-19,Facebook,Story,Industry News,#update,853,34,10,33,7539
2025-01-20,LinkedIn,Link,Customer Testimonial,#testimonial,235,34,85,35,6386
2025-01-21,Facebook,Story,Product Update,#behindthescenes,629,101,47,3,2034
2025-01-22,YouTube,Text,Tutorial,#event,412,15,57,44,3025
2025-01-23,Instagram,Story,Event Promo,#news,791,128,93,24,4239
2025-01-24,LinkedIn,Story,Customer Testimonial,#tutorial,745,94,45,20,8830
2025-01-25,Twitter,Link,Product Update,#update,165,179,70,47,6664
2025-01-26,LinkedIn,Video,Product Launch,#update,211,102,5,43,1831
2025-01-27,YouTube,Text,Behind the Scenes,#launch,819,168,15,37,7673
2025-01-28,Instagram,Story,Product Update,#tutorial,699,20,52,32,9552
2025-01-29,LinkedIn,Text,Industry News,#launch,544,10,66,2,1187
2025-01-30,LinkedIn,Link,Customer Testimonial,#launch,50,91,79,12,9317
2025-01-31,YouTube,Story,Product Launch,#behindthescenes,384,149,21,16,3678
2025-02-01,LinkedIn,Link,Product Launch,#tutorial,681,141,68,3,8886
2025-02-02,Instagram,Story,Customer Testimonial,#tutorial,158,15,32,42,5819
2025-02-03,Instagram,Story,Product Launch,#testimonial,873,69,32,7,7632
2025-02-04,YouTube,Link,Industry News,#testimonial,401,170,19,36,3224
2025-02-05,Facebook,Video,Industry News,#tutorial,144,7,59,44,7141
2025-02-06,Twitter,Text,Industry News,#testimonial,728,63,56,22,3983
2025-02-07,YouTube,Link,Product Update,#event,885,184,2,27,5176
2025-02-08,Facebook,Link,Behind the Scenes,#testimonial,381,113,59,20,6486
2025-02-09,Twitter,Text,Customer Testimonial,#tutorial,89,82,17,40,5135
2025-02-10,Twitter,Video,Behind the Scenes,#testimonial,363,18,30,0,2030
2025-02-11,Twitter,Story,Event Promo,#behindthescenes,964,104,41,5,3717
2025-02-12,Twitter,Link,Product Launch,#event,206,195,67,28,7396
2025-02-13,LinkedIn,Story,Event Promo,#news,556,189,74,10,4522
2025-02-14,LinkedIn,Video,Tutorial,#update,857,164,92,27,7329
2025-02-15,Instagram,Link,Product Launch,#news,750,116,78,25,6222
2025-02-16,Twitter,Story,Product Update,#news,862,112,19,0,5741
2025-02-17,LinkedIn,Story,Industry News,#launch,622,166,54,17,4030
2025-02-18,Twitter,Story,Industry News,#update,474,79,88,46,3335
2025-02-19,YouTube,Video,Behind the Scenes,#tutorial,198,177,60,18,1452
2025-02-20,Instagram,Text,Event Promo,#launch,255,49,94,36,7874
2025-02-21,Instagram,Link,Industry News,#launch,556,15,49,47,5552
2025-02-22,Facebook,Story,Event Promo,#launch,997,191,72,49,6095
2025-02-23,Twitter,Link,Customer Testimonial,#tutorial,938,82,69,7,4713
2025-02-24,LinkedIn,Text,Tutorial,#news,372,50,77,47,2772
2025-02-25,Twitter,Link,Customer Testimonial,#testimonial,706,8,66,9,1095
2025-02-26,LinkedIn,Link,Event Promo,#behindthescenes,414,178,27,23,2675
2025-02-27,Instagram,Text,Product Launch,#news,993,199,46,6,9023
2025-02-28,YouTube,Image,Customer Testimonial,#update,495,98,10,18,3795
2025-03-01,LinkedIn,Video,Event Promo,#behindthescenes,63,91,20,6,4608
2025-03-02,Instagram,Link,Product Update,#update,292,63,93,15,5825
2025-03-03,Facebook,Link,Product Launch,#update,729,22,55,34,7516
2025-03-04,LinkedIn,Image,Tutorial,#update,95,161,45,32,2701
2025-03-05,Twitter,Image,Industry News,#testimonial,815,73,9,45,5233
2025-03-06,Twitter,Link,Tutorial,#news,542,131,82,47,9458
2025-03-07,YouTube,Story,Industry News,#launch,409,157,44,42,4331
2025-03-08,LinkedIn,Video,Product Update,#behindthescenes,532,38,95,28,3890
2025-03-09,LinkedIn,Image,Behind the Scenes,#launch,569,136,78,9,5417
2025-03-10,Twitter,Story,Product Update,#tutorial,219,17,50,8,9440
2025-03-11,Facebook,Text,Industry News,#behindthescenes,719,14,24,32,3129
2025-03-12,Twitter,Video,Product Launch,#tutorial,597,102,80,7,6154
2025-03-13,Instagram,Link,Product Launch,#tutorial,782,44,45,16,3294
2025-03-14,Twitter,Story,Tutorial,#news,929,29,46,6,9916
2025-03-15,Instagram,Image,Product Launch,#testimonial,990,195,6,18,7054
2025-03-16,LinkedIn,Text,Customer Testimonial,#launch,913,94,49,10,3927
2025-03-17,YouTube,Text,Event Promo,#tutorial,231,94,21,45,4930
2025-03-18,YouTube,Story,Tutorial,#launch,980,57,4,48,1445
2025-03-19,LinkedIn,Text,Tutorial,#event,730,189,63,32,4490
2025-03-20,Facebook,Image,Event Promo,#launch,163,127,5,23,5241
2025-03-21,YouTube,Story,Customer Testimonial,#launch,449,86,72,1,7664
2025-03-22,Instagram,Video,Customer Testimonial,#behindthescenes,594,128,7,42,1742
2025-03-23,YouTube,Text,Behind the Scenes,#testimonial,361,127,74,1,5800
2025-03-24,Facebook,Story,Customer Testimonial,#launch,846,85,44,0,1877
2025-03-25,LinkedIn,Text,Product Launch,#testimonial,527,42,41,19,3079
2025-03-26,YouTube,Image,Customer Testimonial,#news,979,36,17,30,4379
2025-03-27,YouTube,Story,Event Promo,#update,635,126,17,43,6057
2025-03-28,LinkedIn,Text,Product Update,#event,651,193,44,11,5824
2025-03-29,Twitter,Story,Behind the Scenes,#launch,554,31,39,25,9494
2025-03-30,Facebook,Link,Customer Testimonial,#tutorial,556,132,48,12,7888
2025-03-31,LinkedIn,Video,Event Promo,#event,717,152,19,10,4731
2025-04-01,YouTube,Story,Event Promo,#launch,632,118,95,27,8399
2025-04-02,Instagram,Image,Event Promo,#behindthescenes,827,136,53,15,5973
2025-04-03,Instagram,Text,Product Launch,#launch,141,55,69,19,2572
2025-04-04,Twitter,Video,Industry News,#event,521,8,77,31,3516
2025-04-05,YouTube,Text,Behind the Scenes,#behindthescenes,674,163,50,12,2236
2025-04-06,Twitter,Link,Event Promo,#launch,247,156,81,21,4708
2025-04-07,Facebook,Text,Customer Testimonial,#update,565,44,52,8,7048
2025-04-08,YouTube,Video,Behind the Scenes,#update,417,20,70,39,9476
2025-04-09,Instagram,Text,Behind the Scenes,#update,808,134,97,45,8183
2025-04-10,Facebook,Image,Event Promo,#event,784,5,6,10,6477
2025-04-11,Twitter,Story,Industry News,#behindthescenes,806,112,4,49,5501
2025-04-12,Facebook,Video,Industry News,#update,233,79,93,36,4861
2025-04-13,Facebook,Video,Product Update,#tutorial,206,130,48,35,9490
2025-04-14,LinkedIn,Video,Tutorial,#update,439,23,52,21,1015
2025-04-15,Instagram,Story,Tutorial,#event,95,39,73,17,5384
2025-04-16,YouTube,Story,Industry News,#news,699,175,38,13,5306
2025-04-17,YouTube,Link,Customer Testimonial,#news,304,167,19,34,5901
2025-04-18,Instagram,Text,Product Launch,#testimonial,292,26,26,0,7216
2025-04-19,Twitter,Link,Tutorial,#behindthescenes,234,101,9,31,6278
2025-04-20,Instagram,Image,Event Promo,#event,241,100,17,36,1933
2025-04-21,Twitter,Story,Industry News,#event,796,110,68,10,9806
2025-04-22,Twitter,Link,Event Promo,#event,477,78,95,18,3594
2025-04-23,Twitter,Link,Industry News,#tutorial,970,161,33,3,2835
2025-04-24,Twitter,Image,Product Update,#news,584,19,35,30,8977
2025-04-25,Facebook,Story,Tutorial,#news,921,68,71,24,5358
2025-04-26,Facebook,Text,Event Promo,#event,879,159,28,23,3663
2025-04-27,Instagram,Video,Event Promo,#tutorial,666,68,33,27,6024
2025-04-28,YouTube,Link,Product Launch,#behindthescenes,518,162,52,43,6925
2025-04-29,Twitter,Image,Behind the Scenes,#testimonial,96,175,58,8,6379
2025-04-30,Instagram,Image,Event Promo,#testimonial,367,33,57,11,2654
2025-05-01,Facebook,Story,Tutorial,#news,684,47,76,16,6489
2025-05-02,YouTube,Image,Product Launch,#update,559,160,22,9,9653
2025-05-03,Facebook,Image,Tutorial,#news,266,61,7,18,4785
2025-05-04,Twitter,Story,Event Promo,#behindthescenes,857,37,20,37,2586
2025-05-05,LinkedIn,Image,Behind the Scenes,#update,597,83,39,19,1589
2025-05-06,Twitter,Story,Customer Testimonial,#event,545,196,53,49,8521
2025-05-07,Twitter,Story,Event Promo,#update,880,176,87,48,7878
2025-05-08,Twitter,Story,Product Update,#event,635,180,86,31,5513
2025-05-09,Twitter,Video,Tutorial,#testimonial,969,121,3,14,3783
2025-05-10,Facebook,Link,Tutorial,#launch,998,38,88,2,4382
2025-05-11,YouTube,Image,Industry News,#update,703,155,44,20,4467
2025-05-12,LinkedIn,Story,Product Update,#event,211,143,58,11,8712
2025-05-13,Facebook,Link,Behind the Scenes,#behindthescenes,567,143,91,3,9035
2025-05-14,Facebook,Story,Event Promo,#testimonial,527,116,20,42,3587
2025-05-15,YouTube,Link,Industry News,#event,411,65,88,30,8244
2025-05-16,LinkedIn,Image,Behind the Scenes,#event,967,113,80,2,3264
2025-05-17,YouTube,Image,Tutorial,#event,375,196,74,11,6919
2025-05-18,YouTube,Story,Product Update,#testimonial,764,85,20,34,9976
2025-05-19,YouTube,Text,Customer Testimonial,#testimonial,171,108,82,6,9307
2025-05-20,Instagram,Image,Event Promo,#news,936,63,89,44,6280
2025-05-21,Twitter,Video,Product Update,#launch,117,37,72,49,8798
2025-05-22,Instagram,Image,Customer Testimonial,#testimonial,87,42,39,34,6393
2025-05-23,Twitter,Text,Behind the Scenes,#news,996,176,36,44,6973
2025-05-24,YouTube,Video,Customer Testimonial,#testimonial,186,23,23,20,8774
2025-05-25,YouTube,Link,Industry News,#behindthescenes,604,50,63,8,7293
2025-05-26,Facebook,Video,Industry News,#update,471,29,16,30,5112
2025-05-27,Instagram,Video,Industry News,#event,150,50,99,33,5986
2025-05-28,LinkedIn,Video,Product Update,#update,119,6,30,42,7185
2025-05-29,Facebook,Story,Behind the Scenes,#update,805,146,62,44,6103
2025-05-30,LinkedIn,Link,Tutorial,#tutorial,360,71,4,46,7361
2025-05-31,YouTube,Video,Product Launch,#testimonial,319,165,71,31,1917
2025-06-01,YouTube,Video,Product Update,#behindthescenes,713,67,97,15,3617
2025-06-02,Twitter,Story,Product Launch,#update,487,199,98,23,3197
2025-06-03,YouTube,Text,Behind the Scenes,#behindthescenes,117,131,89,48,7486
2025-06-04,YouTube,Video,Industry News,#event,515,107,17,38,3855
2025-06-05,LinkedIn,Link,Event Promo,#testimonial,362,163,8,3,6176
2025-06-06,Instagram,Text,Tutorial,#update,59,187,74,18,4459
2025-06-07,Twitter,Video,Tutorial,#event,841,178,49,36,9281
2025-06-08,Instagram,Video,Behind the Scenes,#behindthescenes,390,183,94,16,4281
2025-06-09,Twitter,Text,Behind the Scenes,#behindthescenes,599,132,95,6,6131
2025-06-10,Twitter,Image,Product Launch,#behindthescenes,252,161,59,41,4110
2025-06-11,Twitter,Image,Industry News,#update,733,95,81,41,9615
2025-06-12,Instagram,Link,Product Launch,#update,860,150,4,18,9309
2025-06-13,Facebook,Link,Tutorial,#news,592,166,66,44,7138
2025-06-14,YouTube,Text,Event Promo,#tutorial,523,122,2,23,1571
2025-06-15,Facebook,Text,Industry News,#testimonial,495,158,43,8,7286
2025-06-16,Facebook,Story,Event Promo,#behindthescenes,124,180,72,15,1923
2025-06-17,Instagram,Text,Product Update,#launch,136,176,62,34,4131
2025-06-18,Facebook,Story,Customer Testimonial,#tutorial,834,89,68,16,9611
2025-06-19,YouTube,Image,Tutorial,#tutorial,654,132,52,19,4041
2025-06-20,YouTube,Video,Product Update,#launch,580,134,18,38,1900
2025-06-21,YouTube,Link,Industry News,#event,170,161,86,37,3105
2025-06-22,Facebook,Link,Industry News,#launch,495,59,45,18,3183
2025-06-23,Facebook,Text,Tutorial,#event,608,59,32,31,2728
2025-06-24,Instagram,Video,Product Update,#testimonial,362,68,68,32,9133
2025-06-25,Twitter,Image,Customer Testimonial,#launch,951,141,80,39,6758
2025-06-26,LinkedIn,Text,Event Promo,#launch,189,137,77,46,7117
2025-06-27,YouTube,Story,Product Update,#launch,190,103,12,0,4754
2025-06-28,Instagram,Text,Industry News,#behindthescenes,228,126,88,25,3912
2025-06-29,YouTube,Video,Product Launch,#news,118,174,23,13,2986
2025-06-30,Twitter,Image,Event Promo,#event,656,45,87,27,4909
2025-07-01,YouTube,Image,Product Update,#behindthescenes,50,177,22,44,2353
2025-07-02,Facebook,Image,Product Update,#launch,79,131,67,6,8380
2025-07-03,Twitter,Video,Industry News,#news,54,11,36,47,5702
2025-07-04,Facebook,Video,Industry News,#testimonial,259,170,84,15,7849
2025-07-05,Facebook,Link,Tutorial,#launch,219,11,88,46,8792
2025-07-06,YouTube,Link,Customer Testimonial,#news,343,123,4,4,4575
2025-07-07,YouTube,Text,Tutorial,#update,858,122,33,21,3860
2025-07-08,LinkedIn,Image,Product Update,#news,445,71,25,37,6335
2025-07-09,Twitter,Text,Customer Testimonial,#event,421,67,77,10,2353
2025-07-10,Facebook,Text,Customer Testimonial,#tutorial,913,111,44,40,2203
2025-07-11,YouTube,Image,Event Promo,#event,715,91,13,5,7833
2025-07-12,YouTube,Link,Behind the Scenes,#launch,558,176,58,33,4937
2025-07-13,Twitter,Image,Product Launch,#behindthescenes,963,167,23,40,4791
2025-07-14,Instagram,Story,Behind the Scenes,#event,469,118,18,23,8131
2025-07-15,Instagram,Image,Product Launch,#tutorial,980,55,64,2,6571
2025-07-16,Twitter,Video,Industry News,#update,693,124,65,2,8176
2025-07-17,LinkedIn,Link,Behind the Scenes,#behindthescenes,221,45,23,37,5723
2025-07-18,YouTube,Story,Behind the Scenes,#launch,936,63,50,11,9641
2025-07-19,YouTube,Text,Behind the Scenes,#update,756,127,86,0,7704
2025-07-20,Instagram,Image,Industry News,#testimonial,670,56,54,23,9747
2025-07-21,YouTube,Story,Product Update,#update,395,49,23,46,2377
2025-07-22,Twitter,Story,Industry News,#event,245,68,21,15,7049
2025-07-23,Facebook,Link,Customer Testimonial,#news,419,100,26,26,9848
2025-07-24,LinkedIn,Video,Product Update,#event,738,192,78,5,1698
2025-07-25,LinkedIn,Story,Customer Testimonial,#testimonial,790,10,67,44,7483
2025-07-26,YouTube,Link,Tutorial,#update,694,27,47,31,5308
2025-07-27,Instagram,Image,Product Update,#event,448,131,70,10,7103
2025-07-28,YouTube,Text,Product Launch,#news,381,54,88,41,9858
2025-07-29,Twitter,Story,Industry News,#behindthescenes,88,9,92,32,9231
2025-07-30,YouTube,Link,Product Update,#behindthescenes,94,113,5,14,5187
2025-07-31,YouTube,Link,Event Promo,#behindthescenes,834,152,29,23,6150
2025-08-01,Instagram,Image,Tutorial,#testimonial,338,159,42,36,1016
2025-08-02,Instagram,Story,Product Launch,#behindthescenes,984,131,13,1,8756
2025-08-03,Facebook,Link,Industry News,#behindthescenes,723,177,52,4,2479
2025-08-04,YouTube,Image,Product Launch,#event,410,153,36,4,8563
2025-08-05,Instagram,Text,Event Promo,#behindthescenes,706,133,3,6,3305
2025-08-06,Instagram,Link,Customer Testimonial,#news,757,112,95,34,4381
2025-08-07,LinkedIn,Text,Product Launch,#news,274,181,22,39,5675
2025-08-08,Instagram,Text,Customer Testimonial,#news,386,128,29,33,4456
2025-08-09,Instagram,Link,Product Launch,#testimonial,86,172,15,42,6129
2025-08-10,LinkedIn,Story,Event Promo,#update,195,91,1,35,7567
2025-08-11,Instagram,Video,Tutorial,#tutorial,558,137,86,41,6168
2025-08-12,Facebook,Image,Behind the Scenes,#news,410,66,44,48,4455
2025-08-13,Instagram,Video,Customer Testimonial,#behindthescenes,230,49,58,41,8573
2025-08-14,Facebook,Video,Customer Testimonial,#launch,551,74,82,31,8946
2025-08-15,Instagram,Story,Behind the Scenes,#testimonial,631,26,75,10,7915
2025-08-16,YouTube,Image,Event Promo,#event,63,109,16,13,8206
2025-08-17,Facebook,Link,Tutorial,#launch,629,34,71,13,2849
2025-08-18,Instagram,Link,Product Launch,#launch,300,174,1,30,4637
2025-08-19,Facebook,Link,Tutorial,#update,659,41,55,35,4263
2025-08-20,Instagram,Text,Industry News,#news,956,81,76,16,2876
2025-08-21,Facebook,Image,Tutorial,#news,120,152,54,28,3399
2025-08-22,Instagram,Text,Product Launch,#tutorial,663,53,98,13,8635
2025-08-23,LinkedIn,Link,Customer Testimonial,#launch,874,91,7,15,1986
2025-08-24,Instagram,Link,Customer Testimonial,#testimonial,999,53,81,26,5572
2025-08-25,Facebook,Image,Customer Testimonial,#launch,861,176,38,25,5048
2025-08-26,YouTube,Link,Product Launch,#testimonial,267,66,57,47,4761
2025-08-27,YouTube,Video,Tutorial,#behindthescenes,680,140,33,46,4722
2025-08-28,Instagram,Story,Tutorial,#testimonial,219,117,18,49,1224
2025-08-29,Twitter,Story,Product Launch,#event,895,35,7,14,3836
2025-08-30,Facebook,Video,Event Promo,#testimonial,793,90,57,42,2067
2025-08-31,Instagram,Video,Product Update,#event,602,8,28,27,9452
2025-09-01,Twitter,Video,Behind the Scenes,#news,771,64,9,24,4023
2025-09-02,Twitter,Text,Industry News,#event,56,126,76,43,7776
2025-09-03,YouTube,Text,Product Update,#news,898,129,77,12,9165
2025-09-04,Instagram,Video,Behind the Scenes,#behindthescenes,543,34,24,39,2866
2025-09-05,Facebook,Link,Behind the Scenes,#update,770,140,99,8,6377
2025-09-06,YouTube,Video,Customer Testimonial,#behindthescenes,682,108,93,41,4080
2025-09-07,LinkedIn,Image,Product Launch,#launch,60,89,40,7,8634
2025-09-08,Instagram,Video,Tutorial,#testimonial,911,63,74,33,7931
2025-09-09,YouTube,Video,Industry News,#tutorial,147,175,27,32,4514
2025-09-10,Facebook,Video,Behind the Scenes,#launch,121,97,23,22,5058
2025-09-11,Facebook,Video,Customer Testimonial,#tutorial,267,197,79,34,1607
2025-09-12,YouTube,Text,Tutorial,#event,754,88,88,22,5339
2025-09-13,YouTube,Story,Behind the Scenes,#tutorial,589,142,36,46,2338
2025-09-14,Facebook,Link,Product Launch,#behindthescenes,662,152,93,47,1873
2025-09-15,Facebook,Video,Product Launch,#tutorial,178,76,9,6,2856
2025-09-16,YouTube,Video,Customer Testimonial,#tutorial,119,75,4,29,9107
2025-09-17,YouTube,Video,Customer Testimonial,#testimonial,491,105,21,46,5151
2025-09-18,LinkedIn,Video,Event Promo,#launch,150,121,94,27,5793
2025-09-19,Facebook,Link,Event Promo,#event,352,10,15,21,1539
2025-09-20,LinkedIn,Video,Industry News,#news,474,97,42,26,1408
2025-09-21,YouTube,Link,Customer Testimonial,#launch,663,88,36,0,5320
2025-09-22,Instagram,Link,Product Update,#event,696,118,75,1,8724
2025-09-23,Twitter,Text,Behind the Scenes,#testimonial,714,86,53,17,7914
2025-09-24,Instagram,Video,Behind the Scenes,#tutorial,901,194,37,17,9462
2025-09-25,Facebook,Text,Customer Testimonial,#launch,349,163,73,42,9208
2025-09-26,Instagram,Link,Industry News,#launch,200,86,52,10,9243
2025-09-27,YouTube,Text,Product Update,#update,978,189,16,49,4715
2025-09-28,Facebook,Story,Behind the Scenes,#event,603,35,79,40,1427
2025-09-29,LinkedIn,Link,Tutorial,#testimonial,993,73,55,20,1074
2025-09-30,LinkedIn,Story,Tutorial,#event,687,68,35,9,2098
2025-10-01,Facebook,Image,Customer Testimonial,#event,643,86,13,29,2326
2025-10-02,Instagram,Link,Industry News,#testimonial,123,39,55,22,5760
2025-10-03,YouTube,Link,Industry News,#event,725,169,82,11,5484
2025-10-04,LinkedIn,Video,Industry News,#event,761,58,58,6,6637
2025-10-05,Twitter,Image,Industry News,#event,314,102,58,34,6197
2025-10-06,Facebook,Video,Customer Testimonial,#news,416,102,96,5,5857
2025-10-07,LinkedIn,Text,Product Update,#tutorial,442,129,89,37,5521
2025-10-08,Twitter,Text,Industry News,#event,250,70,56,14,1146
2025-10-09,Instagram,Video,Product Launch,#event,667,77,36,16,5755
2025-10-10,Instagram,Link,Customer Testimonial,#news,704,157,70,45,9199
2025-10-11,Facebook,Image,Event Promo,#behindthescenes,130,160,85,35,1820
2025-10-12,Facebook,Image,Tutorial,#launch,398,162,83,6,9412
2025-10-13,Twitter,Story,Behind the Scenes,#event,377,91,31,40,9171
2025-10-14,Instagram,Image,Customer Testimonial,#news,798,83,47,48,7537
2025-10-15,YouTube,Text,Product Update,#update,631,177,7,22,1002
2025-10-16,Facebook,Video,Tutorial,#update,57,191,14,37,1163
2025-10-17,LinkedIn,Video,Event Promo,#testimonial,388,144,2,40,5482
2025-10-18,Facebook,Text,Event Promo,#tutorial,716,111,53,9,8280
2025-10-19,Twitter,Story,Product Launch,#news,836,23,76,29,9209
2025-10-20,LinkedIn,Video,Behind the Scenes,#launch,570,7,14,3,5852
2025-10-21,Facebook,Story,Product Launch,#news,623,157,2,45,6804
2025-10-22,Twitter,Text,Product Launch,#testimonial,503,160,17,12,8577
2025-10-23,Twitter,Story,Industry News,#news,274,5,96,19,7935
2025-10-24,LinkedIn,Video,Product Launch,#news,939,35,71,21,6829
2025-10-25,YouTube,Video,Customer Testimonial,#behindthescenes,511,151,54,17,6726
2025-10-26,Facebook,Link,Customer Testimonial,#launch,968,191,89,6,1017
2025-10-27,LinkedIn,Image,Tutorial,#update,984,58,63,19,7656
2025-10-28,LinkedIn,Video,Industry News,#event,129,166,27,18,4490
2025-10-29,YouTube,Story,Tutorial,#update,723,32,2,41,6514
2025-10-30,Facebook,Link,Product Launch,#behindthescenes,435,178,74,47,4672
2025-10-31,Twitter,Text,Tutorial,#update,746,75,68,5,3904
2025-11-01,YouTube,Story,Event Promo,#tutorial,389,134,77,15,5738
2025-11-02,Facebook,Video,Tutorial,#news,606,74,31,30,1465
2025-11-03,Facebook,Link,Event Promo,#behindthescenes,433,37,51,30,1160
2025-11-04,Twitter,Video,Product Launch,#event,953,152,9,33,9950
2025-11-05,LinkedIn,Text,Customer Testimonial,#behindthescenes,183,123,88,42,5753
2025-11-06,Twitter,Image,Product Launch,#testimonial,235,148,7,39,5358
2025-11-07,LinkedIn,Text,Behind the Scenes,#launch,790,21,20,5,1331
2025-11-08,Instagram,Story,Product Launch,#behindthescenes,381,150,32,13,8384
2025-11-09,Facebook,Link,Tutorial,#launch,515,87,11,36,2832
2025-11-10,Instagram,Image,Product Update,#update,368,149,84,43,3945
2025-11-11,Instagram,Link,Industry News,#behindthescenes,128,57,63,30,9501
2025-11-12,YouTube,Text,Product Update,#behindthescenes,911,88,15,0,2184
2025-11-13,Instagram,Video,Behind the Scenes,#behindthescenes,642,110,90,1,6192
2025-11-14,Facebook,Image,Product Launch,#update,370,27,4,1,2545
2025-11-15,YouTube,Video,Behind the Scenes,#launch,244,43,36,4,9132
2025-11-16,Twitter,Text,Customer Testimonial,#news,225,41,17,48,4615
2025-11-17,Instagram,Link,Tutorial,#tutorial,490,114,51,30,4153
2025-11-18,LinkedIn,Image,Product Launch,#news,304,103,10,38,2219
2025-11-19,Instagram,Video,Industry News,#update,108,46,42,36,7387
2025-11-20,YouTube,Story,Customer Testimonial,#tutorial,405,179,62,3,6364
2025-11-21,Instagram,Video,Industry News,#event,721,168,65,46,1742
2025-11-22,YouTube,Image,Product Launch,#event,701,164,64,31,9382
2025-11-23,LinkedIn,Image,Product Update,#tutorial,666,12,15,2,2152
2025-11-24,LinkedIn,Text,Product Launch,#update,247,142,83,5,6414
2025-11-25,LinkedIn,Image,Tutorial,#behindthescenes,990,51,91,8,9870
2025-11-26,LinkedIn,Text,Tutorial,#update,613,121,94,20,8005
2025-11-27,LinkedIn,Text,Customer Testimonial,#behindthescenes,908,138,65,2,9380
2025-11-28,Facebook,Video,Industry News,#behindthescenes,713,113,71,17,8847
2025-11-29,YouTube,Story,Tutorial,#launch,297,72,64,33,6255
2025-11-30,Facebook,Text,Industry News,#testimonial,790,192,13,39,2053
2025-12-01,Facebook,Story,Tutorial,#launch,375,147,78,32,6961
2025-12-02,Twitter,Video,Behind the Scenes,#launch,262,56,32,4,8794
2025-12-03,YouTube,Image,Customer Testimonial,#testimonial,322,134,7,35,7649
2025-12-04,LinkedIn,Image,Tutorial,#testimonial,147,196,62,17,8570
2025-12-05,Facebook,Video,Industry News,#testimonial,159,95,77,28,4108
2025-12-06,Facebook,Image,Customer Testimonial,#launch,501,153,33,34,1334
2025-12-07,YouTube,Story,Product Launch,#event,695,110,76,24,4695
2025-12-08,LinkedIn,Text,Event Promo,#news,562,92,44,18,6086
2025-12-09,YouTube,Text,Event Promo,#update,268,192,30,0,7928
2025-12-10,Facebook,Story,Product Update,#behindthescenes,375,50,93,3,1301
2025-12-11,Twitter,Image,Event Promo,#tutorial,547,184,38,35,9216
2025-12-12,LinkedIn,Story,Product Update,#testimonial,221,36,85,32,6800
2025-12-13,Twitter,Link,Customer Testimonial,#launch,568,192,26,33,5327
2025-12-14,Facebook,Story,Product Launch,#behindthescenes,435,66,59,1,4153
2025-12-15,YouTube,Image,Product Launch,#event,294,133,12,36,8811
2025-12-16,Facebook,Link,Product Update,#event,274,15,74,34,5309
2025-12-17,Twitter,Link,Customer Testimonial,#behindthescenes,636,166,97,25,6195
2025-12-18,YouTube,Story,Customer Testimonial,#tutorial,224,137,25,38,7395
2025-12-19,Twitter,Image,Industry News,#event,375,71,34,48,8562
2025-12-20,Twitter,Link,Tutorial,#behindthescenes,81,42,83,19,6121
2025-12-21,YouTube,Story,Customer Testimonial,#news,889,198,39,4,7952
2025-12-22,Instagram,Story,Customer Testimonial,#behindthescenes,542,115,90,18,5113
2025-12-23,Twitter,Link,Product Launch,#news,370,38,42,28,4821
2025-12-24,Facebook,Link,Tutorial,#testimonial,701,99,73,41,2922
2025-12-25,Facebook,Video,Tutorial,#tutorial,211,33,34,39,7909
2025-12-26,YouTube,Link,Industry News,#tutorial,55,103,42,30,7890
2025-12-27,Twitter,Link,Event Promo,#event,269,150,36,10,4984
2025-12-28,LinkedIn,Video,Event Promo,#tutorial,607,134,90,28,3270
2025-12-29,Facebook,Story,Behind the Scenes,#update,713,195,26,35,3315
2025-12-30,Instagram,Image,Tutorial,#launch,340,166,68,48,5881
2025-12-31,Instagram,Text,Industry News,#launch,908,111,2,14,1658
2026-01-01,Twitter,Text,Event Promo,#tutorial,703,49,65,10,7738
2026-01-02,YouTube,Text,Product Launch,#testimonial,601,7,84,1,8155
2026-01-03,Twitter,Video,Industry News,#update,412,194,44,21,8099
2026-01-04,LinkedIn,Image,Customer Testimonial,#update,465,112,68,23,5069
2026-01-05,YouTube,Video,Industry News,#behindthescenes,965,127,16,26,3368
2026-01-06,YouTube,Video,Tutorial,#news,846,93,47,27,1274
2026-01-07,Instagram,Text,Customer Testimonial,#tutorial,207,16,58,15,6294
2026-01-08,Twitter,Story,Customer Testimonial,#tutorial,690,148,50,21,7033
2026-01-09,Instagram,Image,Event Promo,#news,133,21,29,31,5467
2026-01-10,Facebook,Image,Event Promo,#news,543,51,37,21,1925
2026-01-11,Twitter,Text,Event Promo,#behindthescenes,939,171,87,21,6265
2026-01-12,Instagram,Story,Behind the Scenes,#behindthescenes,541,175,57,23,7408
2026-01-13,YouTube,Text,Product Update,#news,317,56,2,34,3696
2026-01-14,Twitter,Text,Behind the Scenes,#event,220,27,80,29,1461
2026-01-15,Twitter,Text,Behind the Scenes,#behindthescenes,550,123,8,48,5877
2026-01-16,Twitter,Link,Tutorial,#event,532,115,84,15,9856
2026-01-17,Facebook,Video,Behind the Scenes,#news,754,77,63,47,8391
2026-01-18,Instagram,Text,Product Launch,#tutorial,439,87,6,37,3106
2026-01-19,Facebook,Video,Behind the Scenes,#update,152,66,12,16,5142
2026-01-20,LinkedIn,Story,Tutorial,#testimonial,245,151,67,20,3845
2026-01-21,YouTube,Link,Product Update,#behindthescenes,234,52,66,47,9448
2026-01-22,Instagram,Link,Tutorial,#update,337,12,19,8,6454
2026-01-23,YouTube,Video,Behind the Scenes,#launch,783,14,68,36,1535
2026-01-24,Instagram,Text,Customer Testimonial,#launch,910,109,26,11,1147
2026-01-25,Instagram,Link,Tutorial,#launch,120,142,54,37,4004
2026-01-26,YouTube,Video,Event Promo,#launch,944,13,61,16,7383
2026-01-27,LinkedIn,Image,Tutorial,#news,314,195,33,24,3028
2026-01-28,LinkedIn,Link,Tutorial,#testimonial,674,81,29,38,6648
2026-01-29,LinkedIn,Link,Industry News,#testimonial,200,58,84,18,3195
2026-01-30,Twitter,Video,Industry News,#news,972,160,77,10,7619
2026-01-31,Facebook,Video,Tutorial,#tutorial,264,99,53,24,8265
2026-02-01,Instagram,Video,Product Update,#testimonial,109,9,39,43,6978
2026-02-02,Twitter,Video,Tutorial,#update,746,149,97,34,5132
2026-02-03,Twitter,Link,Customer Testimonial,#testimonial,679,29,29,29,7267
2026-02-04,LinkedIn,Story,Customer Testimonial,#testimonial,713,115,86,32,8795
2026-02-05,Twitter,Text,Product Launch,#behindthescenes,261,77,19,29,2410
2026-02-06,Facebook,Image,Event Promo,#launch,885,25,56,46,4875
2026-02-07,Twitter,Story,Event Promo,#behindthescenes,283,149,57,1,5287
2026-02-08,LinkedIn,Text,Customer Testimonial,#behindthescenes,534,30,43,2,9608
2026-02-09,YouTube,Story,Tutorial,#launch,896,59,42,32,5695
2026-02-10,Facebook,Story,Customer Testimonial,#behindthescenes,154,71,95,10,6570
2026-02-11,LinkedIn,Text,Product Launch,#update,681,153,32,41,8911
2026-02-12,Twitter,Link,Industry News,#event,659,27,47,48,5135
2026-02-13,LinkedIn,Image,Event Promo,#update,156,60,61,16,3619
2026-02-14,Instagram,Video,Product Update,#testimonial,378,20,21,24,5965
2026-02-15,Instagram,Image,Product Update,#event,824,60,47,20,6192
2026-02-16,LinkedIn,Image,Tutorial,#behindthescenes,410,16,99,46,4546
2026-02-17,LinkedIn,Video,Industry News,#launch,316,198,39,45,8973
2026-02-18,LinkedIn,Link,Tutorial,#event,876,23,20,7,9190
2026-02-19,Facebook,Image,Industry News,#event,713,195,11,35,9230
2026-02-20,Instagram,Link,Product Launch,#event,213,52,85,18,4000
2026-02-21,Twitter,Link,Tutorial,#behindthescenes,763,176,91,4,2931
2026-02-22,LinkedIn,Image,Tutorial,#launch,170,174,65,31,5828
2026-02-23,LinkedIn,Link,Tutorial,#update,859,86,57,10,6799
2026-02-24,Twitter,Story,Event Promo,#event,288,75,95,48,4432
2026-02-25,Twitter,Text,Product Launch,#behindthescenes,640,131,95,46,9017
2026-02-26,YouTube,Link,Product Update,#testimonial,777,91,72,0,2054
2026-02-27,LinkedIn,Image,Product Launch,#news,168,98,91,21,4124
2026-02-28,Instagram,Text,Customer Testimonial,#behindthescenes,479,180,17,49,1560
2026-03-01,Facebook,Text,Product Launch,#testimonial,422,31,44,41,4567
2026-03-02,Instagram,Text,Event Promo,#launch,594,125,80,3,2476
2026-03-03,Instagram,Story,Customer Testimonial,#news,912,154,91,26,5392
2026-03-04,Instagram,Link,Event Promo,#update,86,126,28,18,2090
2026-03-05,Instagram,Story,Event Promo,#behindthescenes,671,99,2,4,6374
2026-03-06,YouTube,Story,Product Update,#update,514,143,19,41,4918
2026-03-07,Instagram,Link,Product Launch,#behindthescenes,501,67,48,0,4631
2026-03-08,Twitter,Image,Industry News,#tutorial,331,9,46,41,6236
2026-03-09,LinkedIn,Link,Behind the Scenes,#behindthescenes,953,187,41,40,3469
2026-03-10,Facebook,Image,Customer Testimonial,#launch,198,96,65,46,6181
2026-03-11,Facebook,Story,Event Promo,#launch,539,67,66,38,9080
2026-03-12,Instagram,Story,Event Promo,#update,865,156,1,42,3676
2026-03-13,Facebook,Video,Tutorial,#update,779,28,47,41,8550
2026-03-14,Twitter,Story,Tutorial,#update,704,30,67,17,1774
2026-03-15,LinkedIn,Video,Event Promo,#behindthescenes,485,96,18,46,1865
2026-03-16,Twitter,Story,Product Update,#news,787,91,40,29,6140
2026-03-17,LinkedIn,Text,Customer Testimonial,#update,517,123,42,26,2932
2026-03-18,Instagram,Story,Event Promo,#launch,701,91,92,46,4398
2026-03-19,Twitter,Story,Product Update,#testimonial,588,60,98,26,8250
2026-03-20,YouTube,Video,Customer Testimonial,#testimonial,865,103,22,17,1884
2026-03-21,YouTube,Image,Product Update,#behindthescenes,748,24,20,11,8667
2026-03-22,YouTube,Text,Product Update,#news,693,82,46,13,4267
2026-03-23,YouTube,Video,Customer Testimonial,#launch,805,112,98,32,9942
2026-03-24,YouTube,Link,Product Launch,#behindthescenes,704,105,24,37,1546
2026-03-25,LinkedIn,Image,Industry News,#behindthescenes,414,32,54,5,7899
2026-03-26,Facebook,Text,Product Launch,#launch,136,194,83,23,4254
2026-03-27,Instagram,Video,Product Launch,#event,670,13,42,7,5829
2026-03-28,Twitter,Image,Industry News,#testimonial,840,58,38,33,1525
2026-03-29,Facebook,Image,Industry News,#behindthescenes,884,98,9,26,2564
2026-03-30,Facebook,Image,Tutorial,#update,971,154,21,12,7646
2026-03-31,Instagram,Text,Product Update,#launch,151,158,53,11,8588
2026-04-01,Facebook,Story,Industry News,#behindthescenes,617,154,43,29,7538
2026-04-02,Twitter,Link,Tutorial,#news,304,171,16,24,3098
2026-04-03,Instagram,Link,Event Promo,#testimonial,611,124,49,39,9723
2026-04-04,YouTube,Story,Tutorial,#tutorial,679,78,17,27,6366
2026-04-05,LinkedIn,Story,Industry News,#tutorial,415,177,45,14,8857
2026-04-06,Twitter,Link,Event Promo,#launch,514,60,51,0,9416
2026-04-07,LinkedIn,Story,Customer Testimonial,#event,869,157,24,43,2140
2026-04-08,Twitter,Video,Tutorial,#update,102,32,12,31,3747
2026-04-09,LinkedIn,Video,Product Update,#launch,414,42,14,8,5510
2026-04-10,Facebook,Story,Tutorial,#news,846,13,46,9,8941
2026-04-11,Twitter,Image,Customer Testimonial,#event,476,107,54,3,8796
2026-04-12,LinkedIn,Image,Product Launch,#event,120,192,93,15,2142
2026-04-13,Instagram,Link,Behind the Scenes,#tutorial,640,144,71,19,4938
2026-04-14,YouTube,Image,Product Update,#event,476,188,44,21,4724
2026-04-15,Twitter,Text,Behind the Scenes,#launch,111,77,13,34,6470
2026-04-16,Facebook,Video,Product Launch,#event,619,62,5,20,3355
2026-04-17,Facebook,Video,Customer Testimonial,#launch,974,123,84,26,9576
2026-04-18,Facebook,Text,Customer Testimonial,#update,506,102,92,31,2054
2026-04-19,Twitter,Story,Behind the Scenes,#tutorial,97,57,28,35,8560
2026-04-20,Facebook,Link,Industry News,#behindthescenes,411,136,95,5,8212
2026-04-21,Instagram,Text,Tutorial,#behindthescenes,393,130,62,14,8891
2026-04-22,Twitter,Link,Product Update,#behindthescenes,322,169,15,49,8398
2026-04-23,Instagram,Image,Tutorial,#event,332,59,93,32,4477
2026-04-24,Instagram,Text,Customer Testimonial,#news,486,92,68,38,8751
2026-04-25,LinkedIn,Text,Customer Testimonial,#launch,533,77,78,16,5321
2026-04-26,Twitter,Link,Industry News,#news,458,19,86,8,5717
2026-04-27,Instagram,Story,Behind the Scenes,#update,126,103,22,49,5292
2026-04-28,Twitter,Text,Product Launch,#behindthescenes,139,13,99,0,5468
2026-04-29,YouTube,Text,Product Launch,#news,341,33,99,47,4601
2026-04-30,Twitter,Video,Industry News,#update,597,50,98,0,5444
2026-05-01,Instagram,Story,Industry News,#tutorial,532,114,57,9,7382
2026-05-02,YouTube,Link,Product Launch,#testimonial,730,172,10,23,7660
2026-05-03,Facebook,Image,Customer Testimonial,#event,575,87,18,1,7075
2026-05-04,Facebook,Story,Behind the Scenes,#event,270,24,33,9,7231
2026-05-05,Twitter,Link,Event Promo,#event,170,119,54,4,2302
2026-05-06,Instagram,Video,Behind the Scenes,#launch,641,84,34,40,4999
2026-05-07,YouTube,Story,Industry News,#behindthescenes,960,103,54,17,3340
2026-05-08,LinkedIn,Image,Behind the Scenes,#behindthescenes,653,167,99,16,6110
2026-05-09,Facebook,Image,Customer Testimonial,#tutorial,266,15,76,33,1852
2026-05-10,LinkedIn,Image,Behind the Scenes,#update,552,134,17,28,1506
2026-05-11,Instagram,Link,Behind the Scenes,#launch,370,199,23,6,3665
2026-05-12,LinkedIn,Text,Product Launch,#testimonial,855,176,42,31,1870
2026-05-13,Instagram,Text,Industry News,#event,180,162,28,33,3948
2026-05-14,YouTube,Text,Product Launch,#behindthescenes,228,41,58,35,4576
2026-05-15,Facebook,Link,Tutorial,#news,402,25,93,46,8873
2026-05-16,LinkedIn,Image,Product Update,#update,471,50,64,27,9152
2026-05-17,Facebook,Text,Behind the Scenes,#news,893,86,5,30,5726
2026-05-18,LinkedIn,Text,Industry News,#testimonial,276,174,20,47,4287
2026-05-19,Instagram,Image,Product Launch,#tutorial,748,177,85,49,7705
2026-05-20,YouTube,Link,Product Update,#news,349,168,67,5,3442
2026-05-21,YouTube,Story,Customer Testimonial,#news,463,104,89,34,7148
2026-05-22,Facebook,Link,Event Promo,#news,633,49,53,39,9500
2026-05-23,Instagram,Text,Tutorial,#testimonial,813,187,32,29,4628
2026-05-24,Twitter,Link,Tutorial,#tutorial,539,8,39,41,2071
2026-05-25,Facebook,Story,Customer Testimonial,#behindthescenes,729,151,42,43,1738
2026-05-26,Facebook,Link,Product Update,#update,282,34,61,19,5253
2026-05-27,Facebook,Story,Product Launch,#news,914,168,30,3,4293
2026-05-28,LinkedIn,Link,Customer Testimonial,#news,117,67,76,27,2014
2026-05-29,YouTube,Story,Event Promo,#news,445,54,28,38,3645
2026-05-30,Instagram,Image,Behind the Scenes,#event,169,72,73,10,5882
2026-05-31,Twitter,Video,Behind the Scenes,#tutorial,645,91,23,14,3567
2026-06-01,LinkedIn,Link,Tutorial,#tutorial,294,164,63,13,1943
2026-06-02,Twitter,Video,Industry News,#update,937,156,18,46,8644
2026-06-03,Twitter,Link,Event Promo,#launch,78,173,58,4,5132
2026-06-04,Facebook,Video,Industry News,#behindthescenes,459,132,82,33,2221
2026-06-05,Facebook,Text,Product Launch,#testimonial,822,170,80,6,6159
2026-06-06,Facebook,Video,Product Launch,#event,448,117,56,32,4105
2026-06-07,YouTube,Story,Behind the Scenes,#behindthescenes,646,107,52,21,5801
2026-06-08,LinkedIn,Text,Event Promo,#event,185,36,67,38,3251
2026-06-09,LinkedIn,Image,Industry News,#tutorial,256,112,46,34,4769
2026-06-10,Facebook,Text,Behind the Scenes,#news,624,73,7,24,6530
2026-06-11,Instagram,Video,Event Promo,#testimonial,224,96,51,42,9563
2026-06-12,Twitter,Video,Event Promo,#update,867,26,33,30,7070
2026-06-13,Instagram,Image,Product Launch,#tutorial,882,157,43,28,5229
2026-06-14,Instagram,Link,Event Promo,#behindthescenes,359,135,49,23,3063
2026-06-15,LinkedIn,Video,Product Update,#tutorial,250,21,31,29,2085
2026-06-16,LinkedIn,Text,Industry News,#event,916,138,59,23,5604
2026-06-17,YouTube,Link,Product Update,#event,507,133,82,42,2819
2026-06-18,LinkedIn,Link,Industry News,#behindthescenes,517,117,65,14,7496
2026-06-19,Instagram,Text,Event Promo,#launch,153,45,16,32,4458
2026-06-20,YouTube,Text,Tutorial,#event,703,181,86,36,4541
2026-06-21,LinkedIn,Video,Product Launch,#news,713,32,40,28,8598
2026-06-22,LinkedIn,Image,Event Promo,#event,722,110,8,47,4413
2026-06-23,YouTube,Image,Product Update,#launch,354,107,57,28,2386
2026-06-24,LinkedIn,Video,Product Launch,#tutorial,255,6,59,24,7778
2026-06-25,Twitter,Image,Behind the Scenes,#news,626,50,57,6,9094
2026-06-26,Facebook,Story,Tutorial,#launch,843,182,47,40,8558
2026-06-27,Instagram,Text,Customer Testimonial,#behindthescenes,843,179,69,23,8144
2026-06-28,Twitter,Video,Behind the Scenes,#update,235,148,90,40,3564
2026-06-29,YouTube,Text,Event Promo,#news,229,27,19,11,7188
2026-06-30,Facebook,Image,Behind the Scenes,#behindthescenes,216,10,53,21,8793
2026-07-01,LinkedIn,Link,Behind the Scenes,#testimonial,629,67,90,43,9073
2026-07-02,Facebook,Image,Product Launch,#testimonial,952,193,25,14,9568
2026-07-03,Instagram,Text,Product Launch,#event,384,52,31,8,6230
2026-07-04,Instagram,Story,Behind the Scenes,#behindthescenes,899,15,36,30,1869
2026-07-05,YouTube,Link,Behind the Scenes,#testimonial,545,123,38,19,4395
2026-07-06,Facebook,Link,Product Launch,#tutorial,706,195,4,16,6094
2026-07-07,Instagram,Text,Event Promo,#news,979,171,30,21,3271
2026-07-08,Instagram,Image,Tutorial,#behindthescenes,638,24,22,33,2421
2026-07-09,Twitter,Video,Product Launch,#event,838,142,92,22,6347
2026-07-10,YouTube,Story,Product Launch,#tutorial,399,48,49,26,3127
2026-07-11,YouTube,Video,Product Update,#tutorial,153,68,64,6,1735
2026-07-12,Twitter,Link,Product Launch,#update,463,121,97,43,5267
2026-07-13,YouTube,Story,Product Update,#launch,664,142,35,48,8985
2026-07-14,LinkedIn,Image,Industry News,#update,110,79,10,37,3559
2026-07-15,LinkedIn,Video,Event Promo,#tutorial,324,111,62,44,7430
2026-07-16,Twitter,Video,Industry News,#update,888,198,28,31,8142
2026-07-17,Instagram,Video,Product Launch,#behindthescenes,564,177,59,8,5201
2026-07-18,Twitter,Image,Event Promo,#launch,481,20,56,49,9600
2026-07-19,Facebook,Link,Event Promo,#event,614,183,37,5,8683
2026-07-20,LinkedIn,Link,Product Launch,#testimonial,135,46,45,8,4465
2026-07-21,LinkedIn,Text,Product Update,#update,909,18,72,49,3366
2026-07-22,Instagram,Link,Industry News,#behindthescenes,789,161,78,3,6168
2026-07-23,YouTube,Story,Event Promo,#tutorial,534,117,80,24,1572
2026-07-24,LinkedIn,Text,Behind the Scenes,#behindthescenes,626,101,13,16,4708
2026-07-25,LinkedIn,Link,Product Launch,#update,228,104,44,45,1608
2026-07-26,YouTube,Link,Behind the Scenes,#launch,351,85,31,2,9377
2026-07-27,Facebook,Story,Industry News,#launch,975,33,45,21,2991
2026-07-28,Facebook,Image,Tutorial,#news,170,33,27,25,6683
2026-07-29,YouTube,Story,Industry News,#testimonial,472,90,27,9,9704
2026-07-30,Twitter,Video,Product Launch,#launch,981,29,18,4,5149
2026-07-31,LinkedIn,Link,Product Update,#testimonial,105,101,58,31,4623
2026-08-01,YouTube,Story,Customer Testimonial,#event,339,137,30,43,4887
2026-08-02,Twitter,Text,Industry News,#testimonial,446,125,72,34,6570
2026-08-03,Facebook,Link,Product Launch,#launch,573,198,52,20,5412
2026-08-04,LinkedIn,Text,Product Launch,#event,967,44,36,15,7063
2026-08-05,YouTube,Story,Behind the Scenes,#launch,308,68,56,11,4061
2026-08-06,Twitter,Video,Tutorial,#update,139,63,28,3,9643
2026-08-07,LinkedIn,Image,Customer Testimonial,#testimonial,323,145,49,43,9440
2026-08-08,Facebook,Image,Product Update,#news,391,78,67,1,7207
2026-08-09,Instagram,Video,Product Update,#event,344,110,94,27,3120
2026-08-10,Facebook,Text,Behind the Scenes,#launch,769,31,40,10,8606
2026-08-11,LinkedIn,Link,Product Update,#news,310,13,58,22,2664
2026-08-12,Instagram,Image,Product Update,#launch,112,40,51,17,5282
2026-08-13,LinkedIn,Link,Industry News,#launch,400,16,18,42,4126
2026-08-14,LinkedIn,Video,Industry News,#event,273,161,37,8,6718
2026-08-15,Instagram,Text,Event Promo,#launch,617,176,61,5,3954
2026-08-16,YouTube,Video,Customer Testimonial,#tutorial,593,169,58,38,5439
2026-08-17,Facebook,Video,Product Update,#behindthescenes,425,118,14,32,4800
2026-08-18,Facebook,Text,Product Launch,#update,705,111,6,11,6478
2026-08-19,Instagram,Story,Event Promo,#update,176,107,25,44,5261
2026-08-20,YouTube,Image,Event Promo,#update,384,39,20,8,5034
2026-08-21,Twitter,Text,Behind the Scenes,#testimonial,915,94,36,12,6272
2026-08-22,YouTube,Video,Industry News,#testimonial,276,10,34,48,1026
2026-08-23,YouTube,Text,Product Update,#tutorial,814,116,54,49,7848
2026-08-24,YouTube,Video,Product Launch,#update,291,172,40,3,4005
2026-08-25,LinkedIn,Video,Product Launch,#launch,463,102,55,6,6690
2026-08-26,Facebook,Link,Event Promo,#launch,149,141,76,45,8133
2026-08-27,Twitter,Text,Product Update,#testimonial,402,157,42,41,1313
2026-08-28,Twitter,Image,Behind the Scenes,#testimonial,889,64,80,17,7834
2026-08-29,Facebook,Video,Event Promo,#update,151,181,58,16,4413
2026-08-30,LinkedIn,Image,Customer Testimonial,#launch,750,161,50,11,6521
2026-08-31,Facebook,Story,Product Update,#news,767,24,90,18,6972
2026-09-01,Facebook,Image,Event Promo,#behindthescenes,73,61,13,12,4320
2026-09-02,LinkedIn,Image,Customer Testimonial,#news,725,27,29,28,5846
2026-09-03,YouTube,Text,Tutorial,#testimonial,829,124,90,38,4043
2026-09-04,Instagram,Story,Product Update,#tutorial,61,127,6,18,7628
2026-09-05,Instagram,Link,Product Launch,#event,50,53,25,12,6242
2026-09-06,Facebook,Video,Behind the Scenes,#update,228,47,21,23,1366
2026-09-07,Instagram,Story,Customer Testimonial,#launch,804,146,38,21,5232
2026-09-08,Twitter,Image,Tutorial,#event,362,92,18,40,7109
2026-09-09,Twitter,Link,Product Update,#behindthescenes,306,20,83,39,2351
2026-09-10,YouTube,Video,Product Launch,#news,596,47,58,34,4811
2026-09-11,Instagram,Link,Behind the Scenes,#update,324,8,87,2,2988
2026-09-12,Twitter,Story,Behind the Scenes,#tutorial,235,44,53,24,4849
2026-09-13,Twitter,Text,Product Update,#event,543,164,52,37,2423
2026-09-14,Facebook,Image,Customer Testimonial,#behindthescenes,812,169,2,5,3727
2026-09-15,Instagram,Link,Industry News,#behindthescenes,55,82,90,2,1716
2026-09-16,YouTube,Image,Industry News,#tutorial,618,184,11,12,8580
2026-09-17,LinkedIn,Video,Product Update,#event,244,121,17,35,4907
2026-09-18,YouTube,Text,Tutorial,#update,334,149,32,33,5961
2026-09-19,LinkedIn,Video,Industry News,#launch,686,24,35,41,8416
2026-09-20,Facebook,Text,Industry News,#launch,596,17,46,5,8491
2026-09-21,LinkedIn,Video,Industry News,#news,729,69,64,5,8617
2026-09-22,Twitter,Link,Tutorial,#testimonial,917,129,56,5,6530
2026-09-23,YouTube,Image,Product Update,#news,289,103,35,46,1145
2026-09-24,Twitter,Text,Product Update,#event,559,47,55,11,6141
2026-09-25,Twitter,Video,Behind the Scenes,#news,282,7,22,36,4885
2026-09-26,YouTube,Image,Industry News,#update,260,103,28,9,9525
2026-09-27,Twitter,Link,Product Launch,#event,853,108,83,5,9102
2026-09-28,Instagram,Text,Industry News,#launch,843,77,56,2,1194
2026-09-29,LinkedIn,Video,Product Update,#event,623,78,61,17,4226
2026-09-30,Twitter,Text,Customer Testimonial,#tutorial,399,74,13,33,2222
2026-10-01,YouTube,Text,Industry News,#update,655,123,6,9,8813
2026-10-02,YouTube,Video,Tutorial,#behindthescenes,869,91,80,19,3607
2026-10-03,Instagram,Video,Product Launch,#behindthescenes,888,165,71,36,8307
2026-10-04,Facebook,Video,Behind the Scenes,#update,477,48,16,15,7947
2026-10-05,Instagram,Video,Industry News,#update,435,125,79,21,2226
2026-10-06,Facebook,Text,Customer Testimonial,#testimonial,260,163,11,17,8274
2026-10-07,Twitter,Image,Event Promo,#testimonial,188,188,2,27,8205
2026-10-08,Instagram,Video,Customer Testimonial,#news,316,33,81,49,4617
2026-10-09,Facebook,Text,Tutorial,#news,461,50,11,10,2342
2026-10-10,LinkedIn,Text,Product Launch,#news,755,98,4,33,4491
2026-10-11,LinkedIn,Link,Customer Testimonial,#event,489,125,34,37,9685
2026-10-12,Facebook,Story,Event Promo,#launch,969,168,74,18,2104
2026-10-13,Twitter,Link,Customer Testimonial,#event,946,33,34,47,7887
2026-10-14,YouTube,Image,Customer Testimonial,#tutorial,328,28,17,41,8622
2026-10-15,Facebook,Link,Tutorial,#launch,654,55,75,41,3629
2026-10-16,Instagram,Link,Event Promo,#tutorial,594,31,56,0,1854
2026-10-17,Instagram,Text,Customer Testimonial,#testimonial,501,181,43,21,6803
2026-10-18,Facebook,Text,Behind the Scenes,#launch,231,57,2,46,3022
2026-10-19,YouTube,Text,Tutorial,#testimonial,634,117,72,43,1436
2026-10-20,Facebook,Text,Tutorial,#event,701,86,13,42,8948
2026-10-21,Twitter,Video,Tutorial,#testimonial,305,71,36,48,6560
2026-10-22,LinkedIn,Image,Industry News,#launch,400,189,95,27,7717
2026-10-23,Instagram,Story,Tutorial,#news,686,116,12,36,5798
2026-10-24,Instagram,Video,Product Update,#event,404,159,51,1,7449
2026-10-25,LinkedIn,Video,Tutorial,#testimonial,531,176,20,32,7606
2026-10-26,Facebook,Story,Product Launch,#event,719,11,27,44,7448
2026-10-27,LinkedIn,Video,Industry News,#behindthescenes,923,186,68,23,9343
2026-10-28,YouTube,Video,Customer Testimonial,#launch,579,118,18,13,6134
2026-10-29,Facebook,Text,Customer Testimonial,#news,147,193,12,41,3290
2026-10-30,LinkedIn,Link,Behind the Scenes,#update,290,16,19,3,5044
2026-10-31,Facebook,Video,Product Launch,#update,218,42,90,47,6738
2026-11-01,Instagram,Link,Industry News,#tutorial,532,139,90,47,6550
2026-11-02,Twitter,Video,Product Update,#update,394,134,53,33,5515
2026-11-03,LinkedIn,Video,Behind the Scenes,#update,428,90,94,46,2804
2026-11-04,Facebook,Image,Behind the Scenes,#event,374,128,9,28,9884
2026-11-05,YouTube,Video,Product Update,#testimonial,55,102,58,27,7104
2026-11-06,Instagram,Story,Industry News,#event,73,21,98,21,9028
2026-11-07,Twitter,Story,Tutorial,#news,336,142,77,6,3097
2026-11-08,LinkedIn,Image,Industry News,#launch,411,8,13,13,2360
2026-11-09,Instagram,Link,Industry News,#news,399,159,78,48,8393
2026-11-10,YouTube,Text,Industry News,#update,576,19,35,35,4381
2026-11-11,Twitter,Video,Product Launch,#tutorial,938,153,44,44,7940
2026-11-12,Twitter,Video,Behind the Scenes,#launch,464,144,50,49,8438
2026-11-13,Twitter,Video,Event Promo,#update,710,159,43,10,3863
2026-11-14,LinkedIn,Image,Product Update,#event,132,165,6,11,2587
2026-11-15,Twitter,Link,Industry News,#update,487,113,48,27,4014
2026-11-16,Instagram,Link,Customer Testimonial,#news,712,147,49,22,8482
2026-11-17,Twitter,Story,Behind the Scenes,#tutorial,716,35,25,12,3080
2026-11-18,Twitter,Story,Event Promo,#behindthescenes,647,184,41,17,2324
2026-11-19,YouTube,Text,Behind the Scenes,#testimonial,489,142,24,30,9217
2026-11-20,YouTube,Image,Event Promo,#tutorial,267,164,57,44,3796
2026-11-21,Twitter,Text,Behind the Scenes,#event,526,84,26,41,5277
2026-11-22,LinkedIn,Link,Product Launch,#tutorial,626,75,17,24,6019
2026-11-23,Instagram,Text,Product Update,#update,633,41,23,36,5907
2026-11-24,Twitter,Text,Tutorial,#tutorial,599,107,66,31,5611
2026-11-25,Instagram,Link,Event Promo,#behindthescenes,481,199,44,6,3846
2026-11-26,Facebook,Text,Product Launch,#tutorial,366,71,22,26,8342
2026-11-27,Twitter,Video,Event Promo,#event,400,35,69,9,7352
2026-11-28,YouTube,Link,Tutorial,#launch,937,156,42,20,2278
2026-11-29,LinkedIn,Link,Tutorial,#news,364,127,81,40,3561
2026-11-30,Twitter,Text,Event Promo,#news,582,198,43,0,2743
2026-12-01,Instagram,Text,Industry News,#update,633,137,69,17,7712
2026-12-02,YouTube,Story,Event Promo,#behindthescenes,404,74,22,45,6288
2026-12-03,YouTube,Video,Product Launch,#news,914,180,46,6,8941
2026-12-04,LinkedIn,Video,Product Launch,#behindthescenes,194,183,54,15,2237
2026-12-05,YouTube,Text,Behind the Scenes,#update,359,25,27,34,1970
2026-12-06,LinkedIn,Link,Product Update,#launch,488,27,42,31,2643
2026-12-07,Twitter,Link,Customer Testimonial,#launch,691,28,84,41,7000
2026-12-08,LinkedIn,Link,Industry News,#tutorial,141,51,24,43,5482
2026-12-09,YouTube,Video,Behind the Scenes,#update,208,81,66,37,2607
2026-12-10,YouTube,Image,Behind the Scenes,#tutorial,756,51,53,24,8315
2026-12-11,LinkedIn,Text,Event Promo,#news,69,63,75,12,9590
2026-12-12,Twitter,Video,Product Launch,#behindthescenes,441,131,75,2,4760
2026-12-13,Facebook,Link,Customer Testimonial,#behindthescenes,381,117,45,30,4911
2026-12-14,LinkedIn,Link,Customer Testimonial,#launch,987,129,20,28,2355
2026-12-15,Instagram,Image,Industry News,#testimonial,936,148,40,49,4358
2026-12-16,Instagram,Video,Behind the Scenes,#update,300,184,44,27,7422
2026-12-17,Instagram,Video,Customer Testimonial,#update,199,48,20,48,9719
2026-12-18,YouTube,Image,Product Launch,#testimonial,717,65,51,4,6607
2026-12-19,Instagram,Story,Customer Testimonial,#testimonial,983,158,55,29,7160
2026-12-20,YouTube,Text,Product Update,#testimonial,544,152,97,28,4636
2026-12-21,Instagram,Image,Product Update,#behindthescenes,628,49,50,9,9584
2026-12-22,Twitter,Video,Industry News,#behindthescenes,383,178,22,4,7074
2026-12-23,YouTube,Story,Behind the Scenes,#news,696,106,78,5,8900
2026-12-24,Instagram,Link,Behind the Scenes,#update,518,28,51,4,9422
2026-12-25,Twitter,Video,Tutorial,#testimonial,136,145,32,28,2398
2026-12-26,LinkedIn,Text,Tutorial,#launch,262,137,67,20,9244
2026-12-27,Instagram,Text,Tutorial,#event,647,12,87,16,9990
2026-12-28,LinkedIn,Story,Industry News,#tutorial,742,69,58,29,8010
2026-12-29,Facebook,Text,Product Update,#update,98,21,6,31,8833
2026-12-30,Instagram,Video,Industry News,#event,510,147,99,2,1862
2026-12-31,Instagram,Link,Product Launch,#behindthescenes,361,170,77,24,7387
2027-01-01,Facebook,Text,Behind the Scenes,#launch,332,199,93,8,6774
2027-01-02,LinkedIn,Story,Tutorial,#event,957,159,69,2,3270
2027-01-03,Instagram,Video,Behind the Scenes,#tutorial,345,167,17,18,2775
2027-01-04,Twitter,Video,Behind the Scenes,#news,470,112,92,24,2900
2027-01-05,Twitter,Image,Tutorial,#event,329,140,50,31,4734
2027-01-06,Facebook,Image,Event Promo,#testimonial,687,107,2,8,8854
2027-01-07,Twitter,Image,Customer Testimonial,#update,970,103,7,36,4020
2027-01-08,Facebook,Video,Customer Testimonial,#news,632,123,99,4,2808
2027-01-09,Twitter,Video,Product Launch,#testimonial,88,32,66,28,1162
2027-01-10,YouTube,Link,Product Update,#testimonial,504,56,9,38,3527
2027-01-11,Twitter,Text,Product Update,#tutorial,342,194,8,31,1682
2027-01-12,Instagram,Story,Product Launch,#event,971,60,75,49,7365
2027-01-13,YouTube,Video,Event Promo,#behindthescenes,923,130,23,32,8773
2027-01-14,Facebook,Text,Event Promo,#tutorial,67,164,70,20,5679
2027-01-15,Facebook,Image,Tutorial,#tutorial,686,195,48,41,7785
2027-01-16,YouTube,Video,Product Update,#event,236,145,26,17,4493
2027-01-17,YouTube,Text,Behind the Scenes,#launch,490,103,74,12,6252
2027-01-18,Facebook,Story,Product Launch,#update,172,7,39,49,3937
2027-01-19,Facebook,Story,Behind the Scenes,#news,841,154,83,11,9325
2027-01-20,LinkedIn,Story,Tutorial,#news,722,16,62,19,2381
2027-01-21,LinkedIn,Text,Event Promo,#tutorial,935,180,60,36,9580
2027-01-22,Instagram,Video,Event Promo,#testimonial,334,116,63,48,5663
2027-01-23,Facebook,Image,Behind the Scenes,#news,590,178,95,21,8930
2027-01-24,Instagram,Text,Product Update,#behindthescenes,466,38,7,40,6809
2027-01-25,LinkedIn,Video,Event Promo,#tutorial,146,179,21,20,2141
2027-01-26,Twitter,Link,Product Update,#event,283,41,99,17,8667
2027-01-27,Facebook,Video,Behind the Scenes,#update,143,116,7,49,2454
2027-01-28,LinkedIn,Video,Event Promo,#testimonial,538,161,63,37,3369
2027-01-29,Facebook,Story,Tutorial,#update,526,33,39,34,3549
2027-01-30,LinkedIn,Image,Behind the Scenes,#news,538,65,29,5,6799
2027-01-31,Facebook,Story,Tutorial,#testimonial,487,30,54,45,2255
2027-02-01,Facebook,Link,Industry News,#testimonial,832,153,53,14,8665
2027-02-02,Instagram,Image,Product Update,#tutorial,986,180,39,4,9342
2027-02-03,Twitter,Story,Customer Testimonial,#tutorial,152,119,34,20,4118
2027-02-04,Instagram,Image,Product Launch,#launch,825,164,74,31,5369
2027-02-05,Facebook,Text,Industry News,#news,523,144,83,43,8774
2027-02-06,Facebook,Story,Product Update,#testimonial,587,149,22,9,4267
2027-02-07,YouTube,Link,Customer Testimonial,#update,793,118,45,49,6695
2027-02-08,LinkedIn,Video,Event Promo,#launch,313,81,61,3,1434
2027-02-09,Facebook,Image,Product Update,#behindthescenes,963,18,78,14,5122
2027-02-10,Facebook,Image,Product Update,#behindthescenes,538,143,40,49,1717
2027-02-11,LinkedIn,Story,Customer Testimonial,#event,169,61,84,22,2378
2027-02-12,YouTube,Video,Tutorial,#behindthescenes,176,45,52,21,6008
2027-02-13,YouTube,Link,Industry News,#news,565,156,52,12,3031
2027-02-14,Facebook,Text,Event Promo,#update,89,195,2,47,4531
2027-02-15,YouTube,Link,Behind the Scenes,#news,608,65,78,13,1645
2027-02-16,LinkedIn,Text,Behind the Scenes,#launch,217,112,92,30,7464
2027-02-17,LinkedIn,Text,Tutorial,#behindthescenes,232,132,41,36,4362
2027-02-18,Twitter,Image,Customer Testimonial,#behindthescenes,917,165,29,27,2394
2027-02-19,LinkedIn,Link,Tutorial,#update,166,64,10,7,9600
2027-02-20,Facebook,Video,Product Launch,#testimonial,294,45,70,12,9089
2027-02-21,Facebook,Image,Event Promo,#tutorial,221,112,29,6,2936
2027-02-22,LinkedIn,Story,Behind the Scenes,#news,96,175,67,17,2988
2027-02-23,YouTube,Image,Behind the Scenes,#launch,728,43,10,5,9782
2027-02-24,LinkedIn,Story,Event Promo,#behindthescenes,652,33,1,1,2518
2027-02-25,Twitter,Image,Product Update,#event,150,114,34,8,7511
2027-02-26,LinkedIn,Image,Customer Testimonial,#behindthescenes,313,176,7,21,8451
2027-02-27,Facebook,Story,Customer Testimonial,#launch,163,35,21,9,1939
2027-02-28,Instagram,Story,Tutorial,#update,836,190,28,18,5601
2027-03-01,Instagram,Image,Event Promo,#testimonial,68,9,77,24,2092
2027-03-02,LinkedIn,Image,Event Promo,#tutorial,287,88,90,12,6964
2027-03-03,YouTube,Link,Product Launch,#launch,470,192,49,27,5638
2027-03-04,YouTube,Video,Tutorial,#launch,810,112,62,34,7270
2027-03-05,LinkedIn,Text,Behind the Scenes,#behindthescenes,64,67,57,42,3520
2027-03-06,LinkedIn,Image,Behind the Scenes,#behindthescenes,776,33,48,5,6554
2027-03-07,Instagram,Text,Tutorial,#launch,183,62,33,27,7268
2027-03-08,Facebook,Text,Event Promo,#launch,647,156,10,35,7166
2027-03-09,Facebook,Story,Customer Testimonial,#behindthescenes,707,181,5,20,7902
2027-03-10,YouTube,Text,Industry News,#testimonial,312,158,3,22,4999
2027-03-11,Twitter,Story,Customer Testimonial,#news,171,87,17,43,5154
2027-03-12,Instagram,Link,Tutorial,#event,495,51,31,29,7078
2027-03-13,Twitter,Link,Product Update,#behindthescenes,778,137,25,27,2268
2027-03-14,YouTube,Image,Event Promo,#launch,114,168,48,49,1689
2027-03-15,Facebook,Link,Event Promo,#event,570,167,55,29,7248
2027-03-16,Instagram,Video,Tutorial,#news,310,183,90,44,1370
2027-03-17,Instagram,Image,Customer Testimonial,#testimonial,873,190,70,37,7083
2027-03-18,Facebook,Story,Behind the Scenes,#event,508,27,83,16,7830
2027-03-19,Twitter,Text,Tutorial,#update,144,150,19,8,1404
2027-03-20,Instagram,Story,Industry News,#behindthescenes,118,173,63,29,1327
2027-03-21,Facebook,Link,Customer Testimonial,#news,653,47,80,12,1714
2027-03-22,LinkedIn,Link,Product Update,#launch,507,63,97,39,3278
2027-03-23,Twitter,Link,Product Update,#news,793,103,53,41,2627
2027-03-24,Facebook,Link,Customer Testimonial,#testimonial,311,67,36,44,2283
2027-03-25,Facebook,Image,Event Promo,#news,965,197,43,26,2249
2027-03-26,YouTube,Text,Product Update,#event,764,186,36,40,2172
2027-03-27,Twitter,Link,Product Update,#event,224,13,38,17,2507
2027-03-28,Instagram,Text,Event Promo,#behindthescenes,784,147,94,22,9206
2027-03-29,LinkedIn,Text,Product Launch,#behindthescenes,895,89,10,14,2397
2027-03-30,Twitter,Link,Product Update,#news,695,134,75,29,8796
2027-03-31,Instagram,Image,Industry News,#testimonial,291,171,82,15,2371
2027-04-01,Twitter,Link,Tutorial,#tutorial,841,52,48,40,7611
2027-04-02,YouTube,Video,Behind the Scenes,#news,655,21,58,8,1907
2027-04-03,LinkedIn,Link,Event Promo,#tutorial,292,100,99,29,1663
2027-04-04,LinkedIn,Text,Industry News,#update,72,182,48,48,3125
2027-04-05,Facebook,Text,Behind the Scenes,#tutorial,329,54,92,37,4196
2027-04-06,YouTube,Text,Event Promo,#tutorial,208,151,66,42,2017
2027-04-07,Twitter,Story,Product Launch,#event,509,171,14,0,8696
2027-04-08,LinkedIn,Image,Behind the Scenes,#behindthescenes,756,65,67,37,5063
2027-04-09,Facebook,Text,Customer Testimonial,#launch,235,137,99,5,8079
2027-04-10,Twitter,Text,Product Update,#testimonial,221,55,28,30,2811
2027-04-11,Instagram,Story,Product Launch,#launch,896,162,73,28,3845
2027-04-12,Instagram,Text,Product Launch,#launch,441,71,78,2,4236
2027-04-13,Facebook,Story,Product Update,#launch,537,104,30,16,8743
2027-04-14,Twitter,Image,Product Update,#update,471,150,65,48,8837
2027-04-15,Instagram,Link,Behind the Scenes,#event,186,140,38,3,7076
2027-04-16,Instagram,Image,Customer Testimonial,#news,600,52,52,27,7525
2027-04-17,Facebook,Text,Product Update,#news,585,139,96,49,5280
2027-04-18,LinkedIn,Video,Event Promo,#launch,100,194,60,30,5893
2027-04-19,Facebook,Text,Tutorial,#tutorial,393,49,78,14,1445
2027-04-20,LinkedIn,Story,Industry News,#event,752,96,49,24,7028
2027-04-21,Instagram,Link,Event Promo,#event,998,82,49,21,3810
2027-04-22,LinkedIn,Video,Product Update,#behindthescenes,542,94,71,41,4915
2027-04-23,LinkedIn,Text,Behind the Scenes,#behindthescenes,274,68,23,22,3915
2027-04-24,YouTube,Video,Industry News,#launch,792,123,62,17,2281
2027-04-25,YouTube,Video,Event Promo,#event,935,73,55,36,7593
2027-04-26,LinkedIn,Video,Customer Testimonial,#news,271,118,24,29,7796
2027-04-27,Twitter,Video,Industry News,#update,399,144,16,9,2683